[
    {
        "ID": "H1N151.txt",
        "Text": "H1N1 Vaccine, Still Available\n\n\n"
    },
    {
        "ID": "H1N153.txt",
        "Text": "What We Learned From H1N1\u2019s First Year\n\n\n"
    },
    {
        "ID": "COVID37.txt",
        "Text": "Trump deflects question about Peter Navarro's criticism of the CDC\n\n\nPresident Trump deflected when asked if he agreed with Peter Navarro\u2019s assertion that the Centers for Disease Control and Prevention let the country down in terms of testing.\n\n\u201cI think they work very hard,\u201d Trump said of the CDC, when asked about his economic adviser\u2019s comments.\n\n\u201cDon\u2019t forget, they\u2019ve been here for many years. They don\u2019t work for me. They work for the country,\u201d he said during a White House meeting with restauranteurs.\n\n\u201cI will say, originally, they had no test and one of the tests had a problem very early on but that was quickly remedied,\u201d Trump continued, wading into the controversy between members of his own cabinet. \n\u201cNow we have the best tests anywhere in the world. I think \u2013 I give ourselves a lot of that credit,\" he added.\n\nSome background: Navarro on Sunday condemned the CDC\u2019s early pandemic response, saying that \u201cnot only did they keep the testing within the bureaucracy, they had a bad test and that set us back.\u201d\n\nHealth and Human Services Secretary Alex Azar called those comments, \u201cinaccurate and inappropriate.\u201d The CDC falls under HHS.\n\nVice President Mike Pence weighted in on Navarro\u2019s comments, saying, \u201cI think Peter Navarro\u2019s point was that CDC and our public health labs at the state level were operating with an arcane testing system, and it was one of the reasons that early on we brought in all of the commercial labs around the country, the President created a consortiums of these labs, and we reinvented testing in America.\""
    },
    {
        "ID": "H1N1208.txt",
        "Text": "Why has the UK been more affected than other countries?\n\n\nThe UK has a comprehensive flu surveillance system, hence more cases may be identified in the UK than in other countries with less comprehensive monitoring services.\n\nAlso, the spread of the infection in the early stages was linked to flights out of Mexico. With Mexico being a popular tourist destination for British tourists, Britain was one of the first countries alongside the US and Canada to start seeing cases.\n\nAs the UK was affected earlier than some other countries the infection spread to a higher number of people at the start of the pandemic.\n\nHowever, as the British summer progressed, cases fell, while southern hemisphere countries saw rises as they went through their winters.\n\nMore recently cases have started going up again in the UK, but other countries, such as France, also have high rates."
    },
    {
        "ID": "H1N1220.txt",
        "Text": "Trump said Obama administration was handling early days of Swine Flu outbreak 'fine,' cautioned not to overreact\n\n\n"
    },
    {
        "ID": "H1N156.txt",
        "Text": "H1N1 Widespread in 46 States as Vaccines Lag\n\n\n"
    },
    {
        "ID": "COVID108.txt",
        "Text": "Thousands in Spain protest government\u2019s handling of pandemic\n\n\nHonking horns and waving Spanish flags, thousands drove vehicles along the main thoroughfares of Madrid and other cities in Spain to protest the government\u2019s handling of the coronavirus pandemic.\n\nAccording to the government estimate, 6,000 cars \u2014 some 15,000 people \u2014 crowded around the area surrounding Madrid\u2019s Plaza Colon with signs calling for the government\u2019s resignation. Another 4,500 turned out in the southern city of Seville and hundreds more in cities scattered throughout the country, including Barcelona and Valencia.\n\nThe protest was called by the far-right party Vox, which has opposed the government\u2019s management of the national lockdown and it\u2019s official plan to loosen confinement restrictions. But growing discontent has become generalized, with a recent National Institute of Statistics poll showing more than 48 percent don\u2019t trust the way the pandemic has been handled in Spain, compared to 46 percent that do.\n\nSpain\u2019s health minister announced Friday that Madrid and Barcelona would finally be allowed to open outdoor areas of restaurants and cafes starting Monday, more than two and a half months after the government ordered one of Europe\u2019s strictest lockdowns on March 14. The two cities are the last to loosen restrictions in Spain, where some regions \u2014 including the Canary and Baleares Islands \u2014 are readying to partially open hotels. Spain\u2019s prime minister, Pedro S\u00e1nchez, said the country will welcome international tourists in July.\n\nAuthorities credit the strict measures for slowing the spread of covid-19, which has infected 235,290 people in Spain and killed 28,678."
    },
    {
        "ID": "H1N155.txt",
        "Text": "H1N1 Is Still Spreading Globally\n\n\n"
    },
    {
        "ID": "H1N154.txt",
        "Text": "Tuesday\u2019s News of Hockey, 11/3/09: Flames in H1N1 Vaccination Kerfuffle\n\n\nControversy flares in Alberta after Ken King, president of the Calgary Flames, reveals that the team\u2019s players and their families received swine flu vaccinations at an undisclosed location on Friday through the intercession of the province\u2019s health services board. The news comes as residents across Alberta have had to wait in lines or were unable to get H1N1 vaccination shots.\n\nThe provincial government responds by ordering an investigation into the Flames vaccinations, while King says, \u201cWe thought that we were working within a protocol that Alberta Health Services thought was appropriate.\u201d\n\nAllan Watt, the Edmonton Oilers\u2019 vice president for communications, maintains that the Oilers have made no special provisions for swine flu vaccinations. \u201cIf a player wants to get a shot, he can go to a clinic just like any other person,\u201d Watt says.\n\n\u2022\n\nThe sale of the Coyotes to the N.H.L. officially closes with the filing of purchase documents at U.S. Bankruptcy court in Phoenix. About $13.3 million of the $140 million sale price is set aside in a special account to handle administrative and attorneys\u2019 fees as well as payments to the former owner Jerry Moyes and to former Coach Wayne Gretzky, who maintains that he is owed $8.2 million in unpaid salary."
    },
    {
        "ID": "H1N168.txt",
        "Text": "E.R.\u2019s May Be the First Victims\n\n\n"
    },
    {
        "ID": "HIV294.txt",
        "Text": "U.N.: HIV infections down in children\n\n\nThe number of children living with HIV is slowing down in areas of the world that typically account for the most new infections, the Joint U.N. Programme on HIV/AIDS said Tuesday.\nThat's proof, organizers said, that a program it created to get antiretroviral medications to pregnant women is working.\nThe program is known as \"The Global Plan Toward Elimination of New HIV Infections Among Children by 2015 and Keeping Their Mothers Alive.\" It was created by a joint effort between UNAIDS and the U.S. President's Emergency Plan for AIDS Relief. The initiative targets 22 countries that account for 90% of the world's new pediatric infections.\nThe program gives antiretrovirals to pregnant women who are infected with HIV in those countries. The medicine prevents the transfer of the virus to their babies.\nSeven countries in sub-Saharan Africa -- Zambia, Malawi, South Africa, Namibia, Botswana, Ghana and Ethiopia -- have reduced the number of new HIV infections among children by 50% since 2009. Ghana showed the most remarkable progress. The number of new pediatric infections there fell by 76% since 2009, according to a new report on the program. South Africa had a 63% decline. In South Africa and Botswana, transmission rates between mother and child are now below 5%.\n\"The progress in the majority of countries is a strong signal that with focused efforts, every child can be born free from HIV,\" said Michel Sidibe, UNAIDS executive director. \"But in some countries with high numbers of new infections progress has stalled. We need to find out why and remove the bottlenecks.\"\nOne of the problems may be the small number of women who take antiretrovirals when breast-feeding.\nThe report shows only half of all breast-feeding women living with HIV or their children receive these medicines to prevent mother-to-child infection. There is also an urgent need to improve early HIV diagnosis in children, according to UNAIDS.\nThe goal of the program is to reduce mother-to-child transmissions by 90% and to reduce the number of AIDS-related maternal deaths by 50% by 2015.\n\"Now we must all continue working together to see the day when no children are born with HIV,\" said U.S. Global AIDS Coordinator Eric P. Goosby. This goal, he said, is clearly \"within our reach.\""
    },
    {
        "ID": "COVID230.txt",
        "Text": "US Senate leader takes initial steps to move ahead with next stimulus bill\n\n\nUS Senate Majority Leader Mitch McConnell has started the process to move for quick passage Thursday of the $251 billion for additional small business loans \u2014 without including the list of Democratic demands outlined by House Speaker Nancy Pelosi and Sen. Chuck Schumer, according to GOP sources.\n\nMcConnell has checked with senators to determine whether any of them will object to moving just the $251 billion package. \n\nDemocrats are expected to object to passing the $251 billion package if their demands aren't met. Those requests include hundred of billions of dollars for hospitals and state and local governments, according to Democratic sources.\n\nThat means we could see on the floor tomorrow morning dueling efforts by both sides to pass their bills \u2014 with both expected to fail, according to a source involved in the talks.\n\nTalks are expected to occur today to see if any deal could be reached to avoid a stalemate."
    },
    {
        "ID": "HIV297.txt",
        "Text": "Living with HIV\n\n\nThree very different people living with HIV describe their experiences with the virus."
    },
    {
        "ID": "H1N131.txt",
        "Text": "New Victims of Swine Flu Include 11-Year-Old\n\n\n"
    },
    {
        "ID": "COVID40.txt",
        "Text": "Coronavirus could be transmitted through feces of infected patients, study says\n\n\nThe coronavirus could be spread through the stool of Covid-19 patients, according to a new study from Chinese researchers.\n\nInfectious particles from the virus were found in fecal samples from a 78-year-old Covid-19 patient at the Fifth Affiliated Hospital of Sun Yat-Sen University in Guangdong Province in late January and early February, researchers reported in the journal Emerging Infectious Diseases.\n\nNow they are asking whether the deadly virus could be transmissible through the stool of infected patients.\n\nHealth experts have believed the highly contagious virus is mainly spread through respiratory droplets, contact with infected surfaces and possibly aerosols. Now \u201cit is unclear whether the virus in feces is infectious and might be an additional source for transmission,\u201d the letter said.\n\nResearchers collected fecal samples from the male patient, who was admitted to the hospital on January 17 and died on February 20, on January 27 and 29, and again on February 1 and 7. \u201cAll samples were positive for viral RNA,\u201d indicating that the virus was in the feces. The viral antigen was also found in gastrointestinal cells, the researchers noted.\n\nPrevious analysis from China, including one published in the New England Journal of Medicine, have also revealed the discovery of coronavirus in the stools of infected people, but the samples did not contain infectious amounts of the virus until now.\n\nIn all, samples from 28 patients were tested as part of the study and 12 were positive for viral RNA, including those from the 78-year-old man, the researchers in Guangdong said. \n\nThe researchers said the study indicated a need to take precautions against the potential spread of the coronavirus through feces. \u201cDischarge and hospital cleaning practices should consider this possibility for critically ill patients or those who died who had high viral loads and are more likely to shed infectious virus.\u201d"
    },
    {
        "ID": "MERS403.txt",
        "Text": "MERS Monthly Summary, November 2019\n\n\nAt the end of November 2019, a total of 2494 laboratory-confirmed cases of Middle East Respiratory Syndrom (MERS) including 858 associated deaths (case-fatality rate 34.4%) were reported globally; the majority of these cases were reported from Saudi Arabia (2102 cases, including 780 related deaths with a case-fatality rate of 37.1%"
    },
    {
        "ID": "COVID157.txt",
        "Text": "Diplomatic row erupts between Italy and Sweden over handling of coronavirus crisis\n\n\nA diplomatic row erupted this week between two of Europe\u2019s most virus-stricken nations, Sweden and Italy, after a top Swedish health official suggested that Italy lacked the capacity to handle the pandemic.\n\nSweden itself has recorded one of the highest per capita death tolls linked to the virus on the continent. Unlike Italy, Spain, France and Britain, Sweden did not impose a lockdown.\n\nSpeaking to Sveriges Radio, a public broadcaster, over the weekend, Swedish state epidemiologist Anders Tegnell defended his approach, saying that Italy relied on \u201cfewer resources\u201d to fight the virus.\n\nThe remarks struck a nerve in Italy, where more than 33,000 people have died of covid-19. In Sweden, a country with a population about one-sixth the size of Italy\u2019s, more than 4,200 people have died.\n\n\u201cEveryone outside of Italy should express only praise and solidarity to our country and our people,\u201d the Italian ambassador to Sweden, Mario Cospito, wrote in a response Wednesday, referencing Italy\u2019s high life expectancy and its high ranking in international health system comparisons.\n\nCospito added that Sweden and other countries had more time to prepare for the arrival of the pandemic, as Italy was the second major hotbed of the outbreak after China.\n\nSweden\u2019s handling of the outbreak has been controversial. By refraining from imposing a lockdown, critics have argued, the country willingly accepted one of the world\u2019s highest per capita death tolls, with nursing homes especially hard hit.\n\nSwedish health officials have acknowledged the toll the virus has taken. \u201cOur biggest failure has been for our elderly population,\u201d Karin Ulrika Olofsdotter, Sweden\u2019s ambassador to the United States, recently told The Washington Post. But officials have also noted what they see as successes, including citizens who acted responsibly without the government being forced to impose major restrictions.\n\nTegnell also referred to \u201ca level of immunity in the population\u201d in the capital, Stockholm, to defend the approach, suggesting that it might prepare the country better for a second wave of infections.\n\nLater Friday, fellow Nordic countries Denmark and Norway both announced that they would be easing travel restrictions between their respective countries, but excluding Sweden because of its coronavirus count."
    },
    {
        "ID": "COVID142.txt",
        "Text": "Dartmoor rangers urge visitors to postpone trips\n\n\nRangers from Dartmoor National Park in Devon have said virtually all of the most popular sites across the moor were at visitor capacity as of Sunday lunchtime.\n\nIn a Facebook post, the rangers urged walkers to consider postponing their planned visits to later in the week.\n\nThe national park's car parks are open but when they are full, day-trippers have been asked not to park on verges, double yellow lines, in front of gates and entrances or on narrow lanes.\n\nPublic toilets in the area remain closed."
    },
    {
        "ID": "HIV290.txt",
        "Text": "Living with HIV (2016)\n\n\nWith access to the right medication, HIV is no longer a death sentence. CNN's Sara Sidner talks about how many people are living with HIV."
    },
    {
        "ID": "COVID429.txt",
        "Text": "\u2018In Harm\u2019s Way\u2019: The Times is collecting stories from health care workers fighting the pandemic.\n\n\nSince the killing of George Floyd, some of these health care workers have joined the fight against another crisis: racism. While acknowledging the risk of infection posed by protests, they say this movement is too important to sit out."
    },
    {
        "ID": "COVID417.txt",
        "Text": "Coronavirus Live Updates: Student-Athletes Test Positive as Colleges and Professional Sports Look Toward Potential Seasons\n\n\nAn outbreak in Beijing prompted a backlash against salmon. Coronavirus antibodies may last only two to three months, according to a study.\n\nRIGHT NOWMayor Bill de Blasio of New York City confirmed that the city will enter its next phase of reopening on Monday, which will allow outdoor dining and opening offices, with limits."
    },
    {
        "ID": "COVID160.txt",
        "Text": "Monkeys who snatched coronavirus blood samples on the loose in India\n\n\n"
    },
    {
        "ID": "COVID98.txt",
        "Text": "White House press secretary won't say how Trump would override state governors\n\n\nWhite House press secretary Kayleigh McEnany didn\u2019t answer when asked how President Trump would override governors, and under what authority, if they chose to keep churches closed in their states. \n\n\u201cYou\u2019re posing a hypothetical,\u201d she said in a White House news conference. \u201cWe\u2019ll leave it to faith communities to reopen and I think we can all hope that this Sunday, people are allowed to pray to their gods across this country.\u201d\n\nMcEnany was pressed on this several times, but never directly answered or cited any evidence that the President can actually override state governor\u2019s authority in such a way. \n\nShe added later that the President will \u201cstrongly encourage\u201d states to allow churches to open. She also said that it\u2019s safe to reopen churches, \u201cif you do so in accordance with the guidelines.\u201d\n\nMore on this: Trump threatened to \u201coverride governors\u201d as he announced today that houses of worship will be classified as essential across the country, but it\u2019s not clear the President has the power to make that decision.\n\nThe President made the announcement in a hastily-announced press briefing this afternoon, after teasing a decision on churches earlier in the week.\n\nMcEnany to reporter: You're posing a hypothetical question."
    },
    {
        "ID": "COVID3.txt",
        "Text": "Who\u2019s enforcing mask-wearing rules? Often it\u2019s retail workers.\n\n\nAs more parts of the country reopen businesses, many retail workers have reluctantly turned into de facto enforcers of public health guidelines, confronting customers who refuse to wear masks or to maintain a wide distance from others. The risk of a violent reaction now hangs over jobs already fraught with health perils.\n\nA Target store employee in Van Nuys, Calif., ended up with a broken left arm while helping to remove two customers who refused to wear masks.\n\nA female cashier told a man refusing to wear a mask that he could not buy a pack of cigars at a convenience store in Perkasie, Pa. He punched her three times in the face.\n\nAnd in the most violent incident, the security guard at a Dollar Store in Flint, Mich., was shot dead after insisting that a customer put on a mask.\n\nStores are \u201ccaught in the middle,\u201d said Meegan Holland, the spokeswoman for the Michigan Retailers Association. \u201cPeople can get belligerent when being asked to do something that they do not want to do.\u201d Public health officials have recommended masks as a crucial way to limit the spread of the virus, but they have also turned into a flash point in the country\u2019s culture wars, with some defending their right to not wear one.\n\nPublic health experts said this argument was misguided.\n\n\u201cI never had a right to do something that could injure the health of my neighbors,\u201d said Wendy E. Parmet, the director of the Center for Health Policy and Law at Northeastern University. Mask opponents generally overlook the fact that such regulations are meant to protect other people, not the person wearing the mask, she added."
    },
    {
        "ID": "H1N165.txt",
        "Text": "Ready for Swine Flu, Round 2?\n\n\nHistory suggests that we are likely to experience a much bigger, second wave of H1N1 influenza pandemic in the fall. Four experts discuss different areas that will play a role in the public health response."
    },
    {
        "ID": "H1N159.txt",
        "Text": "F.D.A. Fighting False Online Claims About Swine Flu Treatments\n\n\n"
    },
    {
        "ID": "COVID138.txt",
        "Text": "Coronavirus: False claims by politicians debunked\n\n\nStolen face masks, an effective cure and biological weaponry: Reality Check\u2019s Chris Morris takes a look at some of the false coronavirus claims made by leading politicians."
    },
    {
        "ID": "COVID139.txt",
        "Text": "Coronavirus: Health claims debunked\n\n\n5G does not spread Covid-19, steam inhalation is not a cure and skin colour can't protect from catching the virus. Reality Check's Chris Morris tackles the latest false claims about coronavirus circulating online."
    },
    {
        "ID": "H1N167.txt",
        "Text": "The ABC\u2019s of H1N1\n\n\n"
    },
    {
        "ID": "COVID101.txt",
        "Text": "Pence says negotiations for phase four stimulus \"actively underway\"\n\n\nVice President Mike Pence told reporters at a cafe in Atlanta, Georgia, on Friday that negotiations for a phase four stimulus package are \u201cactively underway.\u201d\n\nPence said that the focus of another bill should be \u201con the American people, and on speeding additional support as needed to American families.\u201d\n\n\u201cWe also want to continue to make sure to support the Paycheck Protection Program,\u201d he added.\n\nPence also noted that they will need to look at liability protection for businesses, and said the administration is talking to Congress about President Trump\u2019s proposed payroll tax cut.\n\nHe said that although the second quarter will continue to be \u201cvery difficult\u201d for the economy, the economy will enter into a \u201ctransition to greatness\u201d afterwards.\n\nPence ended by saying that positive cases of coronavirus are going down across America."
    },
    {
        "ID": "COVID39.txt",
        "Text": "Texas reports lowest new, daily coronavirus death toll since March 31\n\n\nTexas is reporting 11 new deaths from Covid-19 today \u2013 the lowest new, daily death toll since March 31 when the state had only 4 fatalities, Texas Health and Human Services data shows.\n\nHowever, Texas also saw its highest, single-day increase in coronavirus cases since the beginning of the pandemic on Saturday, according to state numbers. \n\nGov. Greg Abbott attributed the spike in cases to increased testing, noting that the percentage of positive tests has gone down.\n\nMeanwhile, critics like Dallas Mayor Eric Johnson, attribute the rising numbers, at least in part, to the state\u2019s reopening of businesses.\n\n \u201cWell, more than likely what you saw in the cases jumping in the past few days that we've reported is a change in policy with respect to the reopening of parts of our economy, a couple weeks ago,\u201d Johnson told CNN on Monday.\nWhere Texas stands on reopening: Abbott announced sweeping reopenings in the state during a press conference earlier today \u2013 including opening child care centers and office buildings, effective immediately.\n\nOther businesses such as bars, bowling alleys, bingo halls skating rinks and rodeos can open Friday, with restrictions on capacity. Professional sports will be able to resume games starting June 1 without fans and with approval, he said."
    },
    {
        "ID": "H1N149.txt",
        "Text": "New Drug for H1N1 Flu Offers Hope\n\n\n"
    }
]